sentence,phrase,tokens,bio_sim_words,chem_sim_words,phy_sim_words,math_sim_words,tech_sim_words,eng_sim_words,medical_terms,polarity,subjectivity,ner,interjections,nouns,adverb,verb,determiner,pronoun,adjective,preposition,embedding_0,embedding_1,embedding_2,embedding_3,embedding_4,embedding_5,embedding_6,embedding_7,embedding_8,embedding_9,embedding_10,embedding_11,embedding_12,embedding_13,embedding_14,embedding_15,embedding_16,embedding_17,embedding_18,embedding_19,embedding_20,embedding_21,embedding_22,embedding_23,embedding_24,embedding_25,embedding_26,embedding_27,embedding_28,embedding_29,embedding_30,embedding_31,embedding_32,embedding_33,embedding_34,embedding_35,embedding_36,embedding_37,embedding_38,embedding_39,embedding_40,embedding_41,embedding_42,embedding_43,embedding_44,embedding_45,embedding_46,embedding_47,embedding_48,embedding_49,embedding_50,embedding_51,embedding_52,embedding_53,embedding_54,embedding_55,embedding_56,embedding_57,embedding_58,embedding_59,embedding_60,embedding_61,embedding_62,embedding_63,embedding_64,embedding_65,embedding_66,embedding_67,embedding_68,embedding_69,embedding_70,embedding_71,embedding_72,embedding_73,embedding_74,embedding_75,embedding_76,embedding_77,embedding_78,embedding_79,embedding_80,embedding_81,embedding_82,embedding_83,embedding_84,embedding_85,embedding_86,embedding_87,embedding_88,embedding_89,embedding_90,embedding_91,embedding_92,embedding_93,embedding_94,embedding_95,embedding_96,embedding_97,embedding_98,embedding_99,able,astronomy,chemistry,class,classes,course,currently,degree,enjoy,extra,field,im,know,lab,like,major,money,need,order,physics,problem,really,reason,sci,science,second,taking,want,work,year
plus while taking physics it isn't bad i actually enjoy the class i learned so much and understood most of it.,"['I am here because I need to take physics for the MCAT and for part of my major.', 'I am here to learn physics to guide me to where I need to be to get me to point a and b']","['plus', 'while', 'taking', 'physics', 'it', 'is', ""n't"", 'bad', 'i', 'actually', 'enjoy', 'the', 'class', 'i', 'learned', 'so', 'much', 'and', 'understood', 'most', 'of', 'it', '.']",1,1,0,1,0,0,0,0.10000000000000005,0.4666666666666666,0,0,3,3,4,1,2,4,2,-0.1476406306028366,0.14345604181289673,0.13641208410263062,0.1100931391119957,0.05975653976202011,-0.32422488927841187,0.23491425812244415,0.4849194884300232,-0.24690087139606476,-0.21955910325050354,0.1301366537809372,-0.3995212912559509,-0.020443998277187347,0.20552664995193481,0.02314164862036705,-0.1106078028678894,0.15786302089691162,-0.14346656203269958,-0.1186877191066742,-0.5416836738586426,-0.06243680790066719,-0.09193086624145508,0.16605646908283234,-0.12214639037847519,-0.0576903261244297,-0.029877308756113052,-0.2617531418800354,0.06287435442209244,-0.16979309916496277,0.04223601892590523,0.19459345936775208,-0.00968391727656126,0.35183778405189514,-0.19053836166858673,0.020861392840743065,0.30825451016426086,0.18720094859600067,-0.0033243480138480663,-0.05614813044667244,-0.268989235162735,0.08489090204238892,-0.12116183340549469,-0.026138458400964737,0.01668339967727661,0.15627677738666534,0.03741392120718956,-0.1825663149356842,0.051114898175001144,0.06011227145791054,0.2547687888145447,0.06885755807161331,-0.1260182112455368,-0.009275690652430058,-0.04076259583234787,-0.003623268799856305,0.18736660480499268,0.07549396902322769,0.03249666094779968,-0.0752808079123497,0.14344388246536255,0.050614744424819946,-0.041595470160245895,0.04052374139428139,0.12757320702075958,-0.0540071502327919,0.3060876727104187,0.0835600271821022,0.32462480664253235,-0.2722131013870239,0.18779364228248596,0.07237794250249863,0.26220184564590454,0.2057081013917923,-0.010047156363725662,0.5403326153755188,-0.09189601987600327,0.05778927356004715,0.03892597556114197,-0.01256222277879715,-0.2257707267999649,-0.29884833097457886,0.1744033396244049,-0.12974435091018677,0.1865447461605072,-0.30550819635391235,-0.023221183568239212,0.23233072459697723,0.08282651752233505,0.21693871915340424,-0.03691659867763519,0.4805908799171448,0.21392452716827393,-0.09017366915941238,0.05005921050906181,0.32697445154190063,0.02290148288011551,0.2513839602470398,-0.07860331982374191,-0.0020052159670740366,0.03809308633208275,0,0,0,1,0,0,0,0,1,0,0,0,0,0,0,0,0,0,0,1,0,0,0,0,0,0,1,0,0,0
im in this astronomy lab because i want to learn more about astronomy.,"['Im in this astronomy lab because I want to learn more about astronomy. And also, Im good at astronomy when Im in high school. If its possible, I might choose astronomy as my minor major in SFSU. Im here to learn more things that I havent know about astronomy, so I can decide should I choose astronomy as my minor major.']","['im', 'in', 'this', 'astronomy', 'lab', 'because', 'i', 'want', 'to', 'learn', 'more', 'about', 'astronomy', '.']",2,2,0,2,0,0,0,0.5,0.5,0,0,5,0,1,1,0,1,3,-0.29082733392715454,0.1567375659942627,0.1261393427848816,0.05723520740866661,0.11463598906993866,-0.31668171286582947,0.26938173174858093,0.4720056653022766,-0.22097371518611908,-0.2857162058353424,0.1366172730922699,-0.38678285479545593,-0.025982942432165146,0.24058355391025543,0.04095451533794403,-0.07463680952787399,0.16211329400539398,-0.14544150233268738,-0.13569843769073486,-0.548731803894043,-0.04731367528438568,-0.030559834092855453,0.31577858328819275,-0.1381220519542694,0.03623325377702713,0.05967969074845314,-0.2300848364830017,0.0792628601193428,-0.19710460305213928,0.0850277990102768,0.29200655221939087,-0.022724155336618423,0.3972512483596802,-0.24060645699501038,0.033513568341732025,0.3401341438293457,0.18545947968959808,0.06502748280763626,0.0024994616396725178,-0.21757428348064423,0.1531430035829544,-0.08230933547019958,-0.09520463645458221,-0.017200661823153496,0.11272533237934113,-0.03462035953998566,-0.14583641290664673,0.09051017463207245,0.1462402194738388,0.2708817720413208,0.12798206508159637,-0.1916181445121765,-0.11640295386314392,-0.04571038857102394,0.0053642219863832,0.22106777131557465,0.12278738617897034,0.03596268594264984,-0.11150571703910828,0.1444399505853653,0.05569889768958092,-0.10903020948171616,0.17842815816402435,0.19277247786521912,-0.041823770850896835,0.3484266698360443,0.14776073396205902,0.3126608431339264,-0.24371153116226196,0.24180661141872406,0.07147576659917831,0.3374575972557068,0.21989594399929047,0.008581478148698807,0.555612325668335,-0.15018819272518158,0.08881045877933502,-0.05311135947704315,0.03972404822707176,-0.22134600579738617,-0.34681588411331177,0.13499221205711365,-0.11460725218057632,0.06481727957725525,-0.3572220802307129,-0.13177508115768433,0.2791610360145569,-0.06237189471721649,0.1706155687570572,-0.050041958689689636,0.5629160404205322,0.2563846707344055,-0.02666880562901497,0.0329354852437973,0.3111259341239929,0.0015916291158646345,0.32170194387435913,-0.0895458310842514,-0.06060409173369408,0.11035391688346863,0,2,0,0,0,0,0,0,0,0,0,1,0,1,0,0,0,0,0,0,0,0,0,0,0,0,0,1,0,0
"so, i suppose i'm here because i have to take this course in order to graduate.","[""I'm here because I have to take this course in order to graduate.""]","['so', ',', 'i', 'suppose', 'i', ""'m"", 'here', 'because', 'i', 'have', 'to', 'take', 'this', 'course', 'in', 'order', 'to', 'graduate', '.']",0,0,0,0,0,0,0,0.0,0.0,0,0,3,2,2,1,0,1,2,-0.2155735194683075,0.15458478033542633,0.18928173184394836,0.09593361616134644,0.10363221168518066,-0.41663360595703125,0.24022269248962402,0.5665408372879028,-0.1997111290693283,-0.3292693793773651,0.19331538677215576,-0.36777758598327637,-0.07824628800153732,0.28265562653541565,0.05240640789270401,0.04308120906352997,0.25530752539634705,-0.1012304425239563,-0.14636138081550598,-0.5704001784324646,0.021565333008766174,0.01703922264277935,0.3521377742290497,-0.06146750971674919,-0.06730134785175323,0.05582960322499275,-0.20093682408332825,0.1085355207324028,-0.2015807032585144,0.08429066091775894,0.2444089651107788,-0.01940860040485859,0.4353797435760498,-0.26389673352241516,0.08435981720685959,0.3121952712535858,0.16665096580982208,0.03523086756467819,0.013572094962000847,-0.15897542238235474,0.17947901785373688,-0.028450913727283478,-0.0750211626291275,-0.004109720233827829,0.11334691941738129,-0.02366914041340351,-0.20755775272846222,0.08067982643842697,0.11315073817968369,0.269353985786438,0.08764471113681793,-0.15552836656570435,-0.1254594624042511,-0.052965693175792694,0.044288959354162216,0.22781647741794586,0.11574830859899521,0.044928111135959625,-0.0974474549293518,0.16557739675045013,-0.024495847523212433,-0.09716885536909103,0.11367936432361603,0.19886139035224915,-0.015656862407922745,0.39746609330177307,0.21913862228393555,0.2631266415119171,-0.28489741683006287,0.2510588467121124,-0.009702740237116814,0.23692907392978668,0.14640985429286957,-0.03277703747153282,0.6176880598068237,-0.1250072866678238,0.07772231847047806,0.003667467273771763,0.03577262908220291,-0.22392678260803223,-0.36552804708480835,0.16540510952472687,-0.05513804778456688,0.11598218977451324,-0.36144211888313293,0.0062624081037938595,0.28348246216773987,-0.10354283452033997,0.1763637810945511,-0.04646288976073265,0.5217358469963074,0.21699538826942444,0.0032125478610396385,0.05752083659172058,0.2501661479473114,-0.04066414386034012,0.2535053789615631,-0.06811685860157013,-0.0592094250023365,0.2042664885520935,0,0,0,0,0,1,0,0,0,0,0,0,0,0,0,0,0,0,1,0,0,0,0,0,0,0,0,0,0,0
i am currently undeclared but i am thinking about declaring my major to political science.,['I am in Astronomy 116 because it fulfills my general education lab requirement.'],"['i', 'am', 'currently', 'undeclared', 'but', 'i', 'am', 'thinking', 'about', 'declaring', 'my', 'major', 'to', 'political', 'science', '.']",1,1,0,1,0,0,0,0.020833333333333332,0.3333333333333333,0,0,2,1,2,0,0,4,1,-0.16880911588668823,0.18545560538768768,0.16842232644557953,0.09506798535585403,0.10928367078304291,-0.2981642186641693,0.2650080919265747,0.4145558774471283,-0.22170300781726837,-0.1616331785917282,0.19279807806015015,-0.32819944620132446,-0.03438533842563629,0.13013765215873718,0.05071806162595749,0.021709220483899117,0.18394580483436584,-0.07926490902900696,-0.15914922952651978,-0.4992929697036743,-0.015476810745894909,-0.002502932446077466,0.30001792311668396,-0.11572559922933578,-0.0654810220003128,0.05829942971467972,-0.16314150393009186,0.009802020154893398,-0.17941814661026,0.05862509831786156,0.2662407159805298,-0.0075171892531216145,0.3880435824394226,-0.23327627778053284,0.050176605582237244,0.3698854446411133,0.14581868052482605,-0.008404713124036789,0.005599916912615299,-0.26474642753601074,0.11688315123319626,-0.07621748745441437,-0.05180608481168747,0.016914300620555878,0.11627233028411865,0.016193194314837456,-0.17846862971782684,0.07609760761260986,0.10642095655202866,0.2172619253396988,0.0947144478559494,-0.11917378008365631,-0.07515984028577805,-0.06588730961084366,-0.014305589720606804,0.19325344264507294,0.08987624943256378,0.030691785737872124,-0.11272328346967697,0.09100376814603806,-0.00900075864046812,-0.061145950108766556,0.10659591853618622,0.1565876454114914,-0.09596464782953262,0.36977291107177734,0.16623087227344513,0.22392959892749786,-0.30198046565055847,0.18578748404979706,-0.029394958168268204,0.22533972561359406,0.14580698311328888,-0.013017992489039898,0.5063879489898682,-0.11042909324169159,0.029421258717775345,0.022555092349648476,0.01645676977932453,-0.19691796600818634,-0.3006148934364319,0.1366189867258072,-0.06174309924244881,0.13336460292339325,-0.343191534280777,0.014034307561814785,0.26523980498313904,-0.06622473895549774,0.1701548993587494,-0.06663010269403458,0.4429730176925659,0.21349091827869415,-0.018713004887104034,0.03520066291093826,0.25734296441078186,-0.03429752588272095,0.25302690267562866,-0.12098929286003113,-0.04680992662906647,0.07259807735681534,0,0,0,0,0,0,1,0,0,0,0,0,0,0,0,1,0,0,0,0,0,0,0,0,1,0,0,0,0,0
"no, the second semester i did not have a realistic grip on what my responsibilities were at school, and out of school ( work, money, household chores, friends, girlfriend ) and how to put them all together.","['The reason I am here at SF state was, at first, confusing. At first, I thought that I was here because I had to be here. Not because I wanted too. But as the school year went on, I discovered things about college and about myself and thought, maybe theres more to just going to class and taking naps. Cut to the current day, my sophomore year standing, I was able to step back and see the bigger picture. I was able to see that not only am I here in college to make money, but also to establish myself as an adult. I needed, and I stress needed, to learn how to manage my time, personal time, and find my motivation to get through these school days and finish this degree.']","['no', ',', 'the', 'second', 'semester', 'i', 'did', 'not', 'have', 'a', 'realistic', 'grip', 'on', 'what', 'my', 'responsibilities', 'were', 'at', 'school', ',', 'and', 'out', 'of', 'school', '(', 'work', ',', 'money', ',', 'household', 'chores', ',', 'friends', ',', 'girlfriend', ')', 'and', 'how', 'to', 'put', 'them', 'all', 'together', '.']",0,0,0,0,0,0,0,0.08333333333333333,0.16666666666666666,0,0,12,2,4,4,1,2,4,-0.11955424398183823,0.13618098199367523,0.07386313378810883,0.03863926976919174,0.098941870033741,-0.3272385895252228,0.1591850370168686,0.4634651243686676,-0.162755087018013,-0.20774546265602112,0.09478717297315598,-0.31916719675064087,-0.01820157840847969,0.20643655955791473,-0.0035567975137382746,-0.042683448642492294,0.13284757733345032,-0.16660544276237488,-0.12034960091114044,-0.4550422728061676,-0.02661331370472908,-0.09829255938529968,0.13725866377353668,-0.06945614516735077,-0.10214310139417648,0.005537381395697594,-0.15980637073516846,0.017617791891098022,-0.1297348141670227,0.03088306449353695,0.27705809473991394,0.041195470839738846,0.23278950154781342,-0.14767956733703613,0.002398367738351226,0.2923014760017395,0.11058273166418076,-0.04632225260138512,-0.0749659389257431,-0.24045871198177338,0.0916552022099495,-0.10604299604892731,-0.003173462115228176,-0.05135436728596687,0.15562981367111206,0.0299264844506979,-0.15842851996421814,0.016234951093792915,0.03400567173957825,0.18297843635082245,0.00886102207005024,-0.08456584811210632,-0.07304021716117859,-0.047318730503320694,-0.005129653960466385,0.15252041816711426,0.08758115023374557,0.043082550168037415,-0.1118045225739479,0.0730680450797081,0.062043849378824234,-0.0753437727689743,0.08302602171897888,0.10232629626989365,-0.1610127091407776,0.2629672586917877,0.18189728260040283,0.157260000705719,-0.22605782747268677,0.24828237295150757,0.049599967896938324,0.14987024664878845,0.16607677936553955,0.03911181166768074,0.39729833602905273,-0.08644871413707733,-0.0007013852009549737,0.05391336604952812,-0.04941854998469353,-0.10753010213375092,-0.22460786998271942,0.09241130948066711,-0.12310119718313217,0.1309899538755417,-0.1867263913154602,-0.030278099700808525,0.21514159440994263,0.15143944323062897,0.20295462012290955,-0.02761697769165039,0.354790598154068,0.19681671261787415,-0.013422712683677673,0.03224262595176697,0.21799731254577637,-0.01233332883566618,0.214272603392601,-0.1224876120686531,-0.013774058781564236,0.07865820825099945,0,0,0,0,0,0,0,0,0,0,0,0,0,0,0,0,1,0,0,0,0,0,0,0,0,1,0,0,1,0
"this class will prepare me for upper division classes, even though its my last physics class, it should come in handy in everyday problem solving.","['This should help me in the future because it is for my major requirement for kinesiology.', 'I am also enrolled in the physics lecture.', 'This class will prepare me for upper division classes, even though its my last physics class, it should come in handy in everyday problem solving.']","['this', 'class', 'will', 'prepare', 'me', 'for', 'upper', 'division', 'classes', ',', 'even', 'though', 'its', 'my', 'last', 'physics', 'class', ',', 'it', 'should', 'come', 'in', 'handy', 'in', 'everyday', 'problem', 'solving', '.']",1,1,0,1,0,0,0,0.09999999999999999,0.39166666666666666,0,0,6,1,2,1,2,5,4,-0.10809259116649628,0.16703355312347412,0.11502436548471451,0.0076353466138243675,0.14280468225479126,-0.3487745225429535,0.23649431765079498,0.5329862236976624,-0.20264413952827454,-0.2413955181837082,0.12535665929317474,-0.3571207821369171,-0.030049409717321396,0.21045979857444763,0.030388034880161285,-0.1015755757689476,0.1773577183485031,-0.06566454470157623,-0.04616674408316612,-0.4653942883014679,-0.04063517227768898,-0.07949641346931458,0.16686290502548218,-0.053173914551734924,-0.08634387701749802,-0.0015969389351084828,-0.2071647197008133,0.11937722563743591,-0.16189581155776978,0.05914957448840141,0.18328164517879486,-0.02567853406071663,0.33422017097473145,-0.19985666871070862,0.002125407103449106,0.253695011138916,0.10023245960474014,-0.01767868362367153,-0.034771814942359924,-0.24026484787464142,0.1420004963874817,-0.1452920138835907,-0.02235405705869198,0.04938347265124321,0.1392374485731125,0.007555144838988781,-0.17537659406661987,0.017094912007451057,0.05477862060070038,0.25392407178878784,0.09043166786432266,-0.1757948100566864,-0.06908366084098816,-0.06710903346538544,-0.0668708011507988,0.14074228703975677,0.09455551952123642,0.03391848877072334,-0.06933961063623428,0.08487371355295181,0.0065131294541060925,-0.1239154264330864,0.10170534998178482,0.191090390086174,-0.11291258782148361,0.3636173605918884,0.14248131215572357,0.31440338492393494,-0.2962125837802887,0.18599805235862732,0.04480704665184021,0.2271893173456192,0.21322692930698395,-0.016597099602222443,0.521482527256012,-0.06694048643112183,0.038469165563583374,0.03150390833616257,-0.05734680965542793,-0.139437735080719,-0.28121456503868103,0.11516155302524567,-0.1251540184020996,0.1286131888628006,-0.24703292548656464,0.011765344999730587,0.25990617275238037,0.010785125195980072,0.1897294819355011,-0.08229995518922806,0.4519239366054535,0.17127104103565216,-0.04432705417275429,0.05160057172179222,0.3254826068878174,-0.013754507526755333,0.3688826262950897,-0.05335341393947601,-0.00016321390285156667,0.05349937453866005,0,0,0,2,1,0,0,0,0,0,0,0,0,0,0,0,0,0,0,1,1,0,0,0,0,0,0,0,0,0
what happens when a ball falls down?,"[""I'm taking physics 220 as part of my prerequisite for my computer science classes.""]","['what', 'happens', 'when', 'a', 'ball', 'falls', 'down', '?']",0,0,0,0,0,0,0,-0.15555555555555559,0.2888888888888889,0,0,1,0,0,1,0,0,0,-0.11332499980926514,0.16211198270320892,0.015647906810045242,0.03995625302195549,0.1011374220252037,-0.303386390209198,0.10368262231349945,0.37719419598579407,-0.12185778468847275,-0.11368852853775024,0.07265398651361465,-0.2767254710197449,-0.039606206119060516,0.15719984471797943,-0.018217885866761208,-0.05396679416298866,0.10454826802015305,-0.15406371653079987,-0.08736171573400497,-0.40573650598526,-0.02291456237435341,-0.1136617437005043,0.08382099866867065,-0.02175016887485981,-0.08964326232671738,0.01013548020273447,-0.18315206468105316,-0.022792045027017593,-0.13782791793346405,0.009743312373757362,0.2702152729034424,0.03504865616559982,0.18319304287433624,-0.13331542909145355,0.034694500267505646,0.25200334191322327,0.1308208853006363,-0.03240562602877617,-0.11342579871416092,-0.28497591614723206,0.0393887534737587,-0.0751170665025711,-0.008935526013374329,-0.026814231649041176,0.14820775389671326,0.04953223094344139,-0.13159528374671936,0.04707099124789238,0.02617569826543331,0.15375594794750214,-0.0013114067260175943,-0.05478263273835182,-0.015434620901942253,-0.06810809671878815,-0.020763253793120384,0.12889690697193146,0.06353168189525604,0.021514106541872025,-0.11967388540506363,0.059806399047374725,0.05307772383093834,-0.03607335686683655,0.047280799597501755,0.07245754450559616,-0.15421618521213531,0.2075112760066986,0.1762906014919281,0.15479855239391327,-0.2105061560869217,0.29239270091056824,0.027094172313809395,0.12662838399410248,0.12479539960622787,0.03038986399769783,0.37990349531173706,-0.07909213751554489,-0.032354675233364105,0.09433522075414658,-0.04329093545675278,-0.17376960813999176,-0.20535285770893097,0.051598358899354935,-0.11374038457870483,0.15022699534893036,-0.18571291863918304,-0.021654678508639336,0.19358542561531067,0.20177769660949707,0.21968920528888702,-0.012187873013317585,0.3548089563846588,0.17168566584587097,-0.018219633027911186,0.04305988550186157,0.17428120970726013,-0.037092454731464386,0.22068016231060028,-0.09544778615236282,0.01913171447813511,0.048127394169569016,0,0,0,0,0,0,0,0,0,0,0,0,0,0,0,0,0,0,0,0,0,0,0,0,0,0,0,0,0,0
i like gaining the new perspective on what i see and hope to be able to use this knowledge going forward to test or even extend what i know.,"[""My journey into physics started with my interest in computers. After working in IT for a few years it was inevitable that I return to school and finish my degree if I wanted to proceed further into the field. Physics happens to be a branch of education of my CS degree so that's a majority of the reason I'm taking the class.""]","['i', 'like', 'gaining', 'the', 'new', 'perspective', 'on', 'what', 'i', 'see', 'and', 'hope', 'to', 'be', 'able', 'to', 'use', 'this', 'knowledge', 'going', 'forward', 'to', 'test', 'or', 'even', 'extend', 'what', 'i', 'know', '.']",0,0,0,0,0,0,0,0.3181818181818182,0.5397727272727273,0,0,5,2,6,2,0,2,2,-0.2201630026102066,0.19626469910144806,0.07074477523565292,0.036902058869600296,0.10942265391349792,-0.3794173002243042,0.20289286971092224,0.5166001319885254,-0.17765018343925476,-0.28413107991218567,0.10119567066431046,-0.3662016689777374,-0.02968527562916279,0.23973426222801208,0.07423451542854309,-0.07223737984895706,0.1516280174255371,-0.24074189364910126,-0.14572222530841827,-0.5293829441070557,-0.04553712531924248,-0.05834567919373512,0.19793938100337982,-0.09521907567977905,-0.034383419901132584,0.020009858533740044,-0.2621358335018158,0.07699878513813019,-0.11052797734737396,0.05559493601322174,0.33047887682914734,0.013186854310333729,0.29317259788513184,-0.15331938862800598,0.008896519429981709,0.2815169095993042,0.18899136781692505,0.03402143344283104,-0.06101473048329353,-0.2217363715171814,0.037589628249406815,-0.03633824735879898,-0.03464069962501526,-0.0605534166097641,0.0995665043592453,0.02625010721385479,-0.10996100306510925,0.06418757885694504,0.05894405022263527,0.23471923172473907,-0.019335368648171425,-0.09624495357275009,-0.08808570355176926,-0.03525054082274437,0.03431763872504234,0.15665987133979797,0.13370802998542786,0.06770051270723343,-0.11757475137710571,0.17803338170051575,0.10546128451824188,-0.0703035369515419,0.11571510136127472,0.11094201356172562,-0.09669516235589981,0.27394789457321167,0.21552719175815582,0.1717965006828308,-0.2635066509246826,0.3509042263031006,0.08028080314397812,0.19603170454502106,0.2358415722846985,-0.011474914848804474,0.43313223123550415,-0.1985417604446411,0.014353359118103981,0.04163770377635956,-0.004182600416243076,-0.23765309154987335,-0.28962770104408264,0.09544192999601364,-0.18320755660533905,0.09010129421949387,-0.20443616807460785,-0.09846947342157364,0.23722438514232635,0.11083377152681351,0.21494752168655396,-0.03528953343629837,0.41489624977111816,0.176553875207901,-0.03092341125011444,0.03761548176407814,0.2520602345466614,-0.030302060768008232,0.22369378805160522,-0.09010888636112213,-0.039648041129112244,0.09224386513233185,1,0,0,0,0,0,0,0,0,0,0,0,1,0,1,0,0,0,0,0,0,0,0,0,0,0,0,0,0,0
i am taking this sci course because i tend to need extra help with my chemistry courses.,"['This semester the hardest class for me is OCHEM, and the rest are up or GEs. I cant take any other courses for my major until I take Ochem So Im in a weird state of relaxation.']","['i', 'am', 'taking', 'this', 'sci', 'course', 'because', 'i', 'tend', 'to', 'need', 'extra', 'help', 'with', 'my', 'chemistry', 'courses', '.']",1,1,0,1,0,0,0,0.0,0.1,0,0,6,0,2,1,0,2,2,-0.1647292971611023,0.16541434824466705,0.16563107073307037,0.03659059479832649,0.162206768989563,-0.3658217191696167,0.29682040214538574,0.5635712146759033,-0.203504741191864,-0.29106998443603516,0.18158431351184845,-0.36699923872947693,-0.025946181267499924,0.24964869022369385,0.05601896718144417,-0.03324189782142639,0.26328331232070923,-0.060240816324949265,-0.09446771442890167,-0.5383778214454651,-0.007884038612246513,0.0006574057042598724,0.27878639101982117,-0.06837009638547897,-0.05323501303792,0.03828784450888634,-0.2066439837217331,0.1722933053970337,-0.19606424868106842,0.07684627920389175,0.22842253744602203,-0.059716422110795975,0.45225000381469727,-0.24717257916927338,0.04293297976255417,0.29992273449897766,0.11460734903812408,0.01032104529440403,0.005440983921289444,-0.17735491693019867,0.1711837500333786,-0.08211610466241837,-0.05295882746577263,0.008173464797437191,0.110606849193573,-0.009096559137105942,-0.18818356096744537,0.053581200540065765,0.07106473296880722,0.2888143062591553,0.11235803365707397,-0.21553561091423035,-0.12994740903377533,-0.08059419691562653,-0.009676883928477764,0.1891631931066513,0.09813524782657623,0.02517833560705185,-0.06001487374305725,0.11615197360515594,-0.028239794075489044,-0.16714179515838623,0.14880044758319855,0.2454085350036621,-0.06655112653970718,0.4523550271987915,0.1646413803100586,0.2915952205657959,-0.3251914978027344,0.2096291333436966,0.012194446288049221,0.26855170726776123,0.17667217552661896,-0.05273742973804474,0.5974148511886597,-0.11866981536149979,0.06043323501944542,-0.012849741615355015,-0.0031777576077729464,-0.1887810379266739,-0.37329956889152527,0.13933968544006348,-0.09440451860427856,0.10267918556928635,-0.3320123553276062,0.019062167033553123,0.31054869294166565,-0.11357421427965164,0.1709175407886505,-0.10364049673080444,0.5034506916999817,0.17173777520656586,-0.00902710109949112,0.04321333393454552,0.3275328278541565,-0.05811118707060814,0.3816837668418884,-0.03563844785094261,-0.037355758249759674,0.12975825369358063,0,0,1,0,0,1,0,0,0,1,0,0,0,0,0,0,0,1,0,0,0,0,0,1,0,0,1,0,0,0
"i also want to get a better educations, get a better job, prferably one with advancement opportunities.","['I am here to gain the skills I need to pass the Physics portion of the MCAT and enter Medical School. My goal is to become a surgeon, either Cardio or General Surgery. The reason I desire to go to Medical School is because I feel that it is what I meant to do.', 'Taking this course is a first step to understanding the intricacies of the world we live in, which will help me grow as an individual.', 'I also want a job that I love, and this is a first step in that particular direction. Again I hope this works out.']","['i', 'also', 'want', 'to', 'get', 'a', 'better', 'educations', ',', 'get', 'a', 'better', 'job', ',', 'prferably', 'one', 'with', 'advancement', 'opportunities', '.']",0,0,0,0,0,0,0,0.5,0.5,0,0,4,2,1,2,0,3,1,-0.16809748113155365,0.19896948337554932,0.04518807306885719,0.07089891284704208,0.14738938212394714,-0.43034717440605164,0.20770131051540375,0.5245231986045837,-0.21168288588523865,-0.2722953259944916,0.16111721098423004,-0.3047432601451874,-0.00783152412623167,0.24975518882274628,0.061013102531433105,-0.03625517338514328,0.16833360493183136,-0.16188929975032806,-0.07481887936592102,-0.4891422986984253,-0.072066530585289,-0.11171472817659378,0.2313275933265686,0.026731321588158607,-0.054254207760095596,0.08970759809017181,-0.2219533920288086,0.1501450091600418,-0.1734447330236435,0.06400235742330551,0.3546764552593231,0.015598569065332413,0.25026917457580566,-0.18739989399909973,0.06183542311191559,0.26250171661376953,0.15081174671649933,0.04324876889586449,-0.10228325426578522,-0.15861542522907257,0.054534588009119034,-0.0718865618109703,-0.10400897264480591,-0.06357206404209137,0.09234601259231567,-0.010339180007576942,-0.15343479812145233,0.10369720309972763,0.11294224113225937,0.17317506670951843,0.012032848782837391,-0.08035751432180405,-0.07689620554447174,-0.07755602896213531,-0.02790895663201809,0.13959845900535583,0.03788090869784355,0.04423249512910843,-0.08076544106006622,0.0945814847946167,-0.00041999557288363576,-0.186752051115036,0.18463246524333954,0.19841672480106354,-0.13524451851844788,0.3619935214519501,0.3155987858772278,0.15518653392791748,-0.25211644172668457,0.2913571894168854,0.04419286549091339,0.1639896035194397,0.11461329460144043,-0.0012713089818134904,0.3974839448928833,-0.10921615362167358,-0.07473274320363998,0.08106464892625809,0.034647032618522644,-0.23180446028709412,-0.29902541637420654,0.051747895777225494,-0.04564103111624718,0.023743629455566406,-0.22292135655879974,-0.04698096215724945,0.333488404750824,0.02983119897544384,0.21439340710639954,-0.0717095211148262,0.37860241532325745,0.14671319723129272,0.03017289564013481,-0.010151009075343609,0.1251918524503708,-0.09694164991378784,0.34047821164131165,-0.09542471170425415,-0.016082825139164925,0.122495636343956,0,0,0,0,0,0,0,0,0,0,0,0,0,0,0,0,0,0,0,0,0,0,0,0,0,0,0,1,0,0
"i know through this field, i'd be able to make a lot of money, so much as to where i want have to worry about finances anymore.","[""Honestly I want to study in the STEM FIELD as a backup option. I know through this field, I'd be able to make a lot of money, so much as to where I want have to worry about finances anymore. It also makes sense for me because even though I am an artistic person, my creativeness can be sought else where. I am able to teach myself or learn from other people and I don't necessarily need a degree for that. However, for my major, I would definitely need a degree because its smiled upon.""]","['i', 'know', 'through', 'this', 'field', ',', 'i', ""'d"", 'be', 'able', 'to', 'make', 'a', 'lot', 'of', 'money', ',', 'so', 'much', 'as', 'to', 'where', 'i', 'want', 'have', 'to', 'worry', 'about', 'finances', 'anymore', '.']",0,0,0,0,0,0,0,0.35,0.4125,0,0,6,3,3,2,0,2,4,-0.19778749346733093,0.20151926577091217,0.10627971589565277,0.08950047194957733,0.08625279366970062,-0.39282867312431335,0.2197357565164566,0.5077340006828308,-0.1921885460615158,-0.2644376754760742,0.13773764669895172,-0.35647284984588623,-0.011458808556199074,0.21295727789402008,0.053092651069164276,-0.03340315446257591,0.16464339196681976,-0.20543450117111206,-0.12465279549360275,-0.5217595100402832,-0.03283080831170082,-0.07341895997524261,0.22534805536270142,-0.03994430974125862,-0.06334110349416733,0.06229322403669357,-0.23739506304264069,0.0915275514125824,-0.1168833076953888,0.046572234481573105,0.35018467903137207,0.03300732746720314,0.2955104112625122,-0.1785721629858017,0.039395108819007874,0.2788495421409607,0.18685084581375122,0.03066718764603138,-0.07048260420560837,-0.19315961003303528,0.061193130910396576,-0.052571747452020645,-0.04595993459224701,-0.07373213022947311,0.07477439194917679,0.004761564079672098,-0.12493029981851578,0.06643941253423691,0.08345889300107956,0.18651889264583588,-0.016546841710805893,-0.07651190459728241,-0.08058962225914001,-0.04059409722685814,0.00940559059381485,0.17450658977031708,0.1094360426068306,0.08214320987462997,-0.1255001574754715,0.16066955029964447,0.05941060557961464,-0.08380600064992905,0.10256832838058472,0.13412733376026154,-0.11868295818567276,0.3086359202861786,0.24710026383399963,0.15448325872421265,-0.25633442401885986,0.2891385555267334,0.044485051184892654,0.19107064604759216,0.18048788607120514,-0.0311882421374321,0.4341924786567688,-0.1542709618806839,-0.01371294166892767,0.07102671265602112,0.0022976493928581476,-0.20661497116088867,-0.3111640512943268,0.0863623097538948,-0.10076314210891724,0.09059171378612518,-0.24891158938407898,-0.05230057239532471,0.2835686206817627,0.08934418112039566,0.22243990004062653,-0.047992292791604996,0.41262897849082947,0.1686837077140808,-0.025011636316776276,0.040901586413383484,0.1799830049276352,-0.06308553367853165,0.21819011867046356,-0.09348329156637192,-0.05329116806387901,0.1371309757232666,1,0,0,0,0,0,0,0,0,0,1,0,1,0,0,0,1,0,0,0,0,0,0,0,0,0,0,1,0,0
"i'm here to push through obstacles, deal with adversity, and mold myself into what i want to be.","[""Every step that I take comes with a purpose, and nevertheless, every step that I take backwards comes with a consequence. My job here is to move forward. As time goes by I'm starting to develop more each day whether it's from education, social, or even in a physical aspect. I hold myself accountable and know that I'm here to grow. I have a strong image of how I want my life to turn out, and being here will help me paint my canvas.""]","['i', ""'m"", 'here', 'to', 'push', 'through', 'obstacles', ',', 'deal', 'with', 'adversity', ',', 'and', 'mold', 'myself', 'into', 'what', 'i', 'want', 'to', 'be', '.']",0,0,0,0,0,0,0,-0.05,0.0,0,0,5,1,3,0,1,0,3,-0.19581395387649536,0.18348067998886108,0.06070566177368164,0.04056612774729729,0.09598661959171295,-0.37478792667388916,0.16618722677230835,0.435787558555603,-0.15888069570064545,-0.24527806043624878,0.12212388962507248,-0.28506991267204285,-0.05083774775266647,0.18732045590877533,0.05316118896007538,0.023348314687609673,0.15302425622940063,-0.18315255641937256,-0.12805719673633575,-0.4483039677143097,-0.013282320462167263,-0.033060863614082336,0.2519608736038208,-0.0528365783393383,-0.05497819185256958,0.0687582790851593,-0.19269458949565887,0.05078790336847305,-0.0950470119714737,0.06284676492214203,0.34638288617134094,0.04663253203034401,0.2816481292247772,-0.16944001615047455,0.05019078776240349,0.2822606861591339,0.15250203013420105,0.011843867599964142,-0.07627364248037338,-0.20319215953350067,0.059213194996118546,-0.027098046615719795,-0.03559478372335434,-0.08792605996131897,0.07595830410718918,-0.008153021335601807,-0.12937940657138824,0.07515178620815277,0.09796727448701859,0.18313844501972198,-0.02409587986767292,-0.06714524328708649,-0.11796277016401291,-0.018497373908758163,0.03990998864173889,0.16736504435539246,0.14281027019023895,0.08693759143352509,-0.11869854480028152,0.15365058183670044,0.039944496005773544,-0.07283907383680344,0.11156073212623596,0.1389567255973816,-0.13056416809558868,0.29547786712646484,0.29393628239631653,0.11260668188333511,-0.23351676762104034,0.33128416538238525,0.04044153541326523,0.14160627126693726,0.18149328231811523,-0.004567387048155069,0.3974427878856659,-0.17292334139347076,-0.01140253059566021,0.054271988570690155,-0.004713306203484535,-0.19933003187179565,-0.27889102697372437,0.0944061130285263,-0.08186175674200058,0.0537877231836319,-0.18624791502952576,-0.05852432921528816,0.24174292385578156,0.06805159896612167,0.19384075701236725,-0.03358660638332367,0.3615580201148987,0.16840992867946625,0.00014926410221960396,0.02997973933815956,0.14631642401218414,-0.0647001788020134,0.21522095799446106,-0.13019336760044098,-0.06426062434911728,0.1491878479719162,0,0,0,0,0,0,0,0,0,0,0,0,0,0,0,0,0,0,0,0,0,0,0,0,0,0,0,1,0,0
i heard this class is different compared to phys 1.,"[""I'm here because I need this class is a prerequisite for my major.""]","['i', 'heard', 'this', 'class', 'is', 'different', 'compared', 'to', 'phys', '1', '.']",0,0,0,0,0,0,0,0.0,0.6,0,0,1,1,2,1,0,1,0,-0.14007966220378876,0.15593001246452332,0.17546507716178894,0.058943621814250946,0.09815246611833572,-0.33053821325302124,0.2560144066810608,0.47459667921066284,-0.22873656451702118,-0.2355579137802124,0.12958642840385437,-0.3697208762168884,-0.019686583429574966,0.19836169481277466,0.0432250089943409,-0.06049073860049248,0.1803281307220459,-0.07214590907096863,-0.0645953118801117,-0.43826451897621155,-0.040885526686906815,-0.03947199508547783,0.2357434779405594,-0.1305994987487793,-0.014210295863449574,0.013411435298621655,-0.20703108608722687,0.0740920752286911,-0.16560417413711548,0.10091575235128403,0.18224520981311798,-0.010827936232089996,0.3984908163547516,-0.20791634917259216,0.041071441024541855,0.2985401749610901,0.11277711391448975,-0.009531666524708271,-0.019803907722234726,-0.26719045639038086,0.1305823177099228,-0.08821709454059601,-0.044939152896404266,0.0473867766559124,0.10926900804042816,-0.008163888938724995,-0.20075638592243195,0.04164741560816765,0.06038501113653183,0.2667265236377716,0.09422995150089264,-0.16233675181865692,-0.07911833375692368,-0.06859137117862701,0.0031462155748158693,0.17900125682353973,0.10689462721347809,0.034218594431877136,-0.0417637825012207,0.16158373653888702,-0.023581670597195625,-0.07759357988834381,0.04995404928922653,0.17333124577999115,-0.07183131575584412,0.3878149092197418,0.14553478360176086,0.29977840185165405,-0.30119529366493225,0.20950117707252502,0.039202138781547546,0.24897953867912292,0.23612825572490692,-0.026658883318305016,0.558671236038208,-0.11557666957378387,0.06877730786800385,-0.02923651412129402,-0.02629057690501213,-0.20088359713554382,-0.3123021423816681,0.19567671418190002,-0.09350596368312836,0.13330581784248352,-0.302826851606369,-0.01929369941353798,0.2428724467754364,-0.027580777183175087,0.16662220656871796,-0.07292920351028442,0.46999627351760864,0.1876043975353241,-0.07529272139072418,0.03763881325721741,0.35008504986763,-0.0005849668523296714,0.31699079275131226,-0.09498438239097595,-0.00924981851130724,0.07354077696800232,0,0,0,1,0,0,0,0,0,0,0,0,0,0,0,0,0,0,0,0,0,0,0,0,0,0,0,0,0,0
"i studied business, i am a veteran from army, but something was missing, i wanted to fulfill one of my dreams, so i am pursuing a veterinarian degree.","['I studied Business, I am a Veteran from Army, but something was missing, I wanted to fulfill one of my dreams, so I am pursuing a Veterinarian degree. Physics is a requirement, but aside from being a prereq....']","['i', 'studied', 'business', ',', 'i', 'am', 'a', 'veteran', 'from', 'army', ',', 'but', 'something', 'was', 'missing', ',', 'i', 'wanted', 'to', 'fulfill', 'one', 'of', 'my', 'dreams', ',', 'so', 'i', 'am', 'pursuing', 'a', 'veterinarian', 'degree', '.']",0,0,0,0,0,0,0,-0.1,0.025,0,0,8,1,6,2,0,2,3,-0.13032443821430206,0.15881849825382233,0.145321786403656,0.11255353689193726,0.10201004147529602,-0.3558708429336548,0.22552281618118286,0.4614679217338562,-0.21272018551826477,-0.18822848796844482,0.19974304735660553,-0.32040879130363464,-0.0381283238530159,0.1867545247077942,0.016389671713113785,0.051436640322208405,0.19919054210186005,-0.10750316828489304,-0.12580613791942596,-0.48712486028671265,-0.008855723775923252,-0.03074972704052925,0.2775465250015259,-0.0712260752916336,-0.1092897281050682,0.05947820842266083,-0.14462816715240479,0.0076295156031847,-0.19558170437812805,0.05115266516804695,0.3126007318496704,0.017449792474508286,0.35347163677215576,-0.21825097501277924,0.07509500533342361,0.33155083656311035,0.14185774326324463,-0.024103716015815735,-0.044217534363269806,-0.24070513248443604,0.1177101656794548,-0.04050275310873985,-0.060253214091062546,-0.034451525658369064,0.12147652357816696,-0.013210252858698368,-0.20272085070610046,0.08326233178377151,0.09672737121582031,0.1714504510164261,0.033473238348960876,-0.06461570411920547,-0.06625301390886307,-0.07114910334348679,0.020225144922733307,0.1903543770313263,0.06248874217271805,0.0399964265525341,-0.08112386614084244,0.09335767477750778,-0.032760754227638245,-0.08145041018724442,0.09495414793491364,0.13937391340732574,-0.12006959319114685,0.34858450293540955,0.22564199566841125,0.16762612760066986,-0.2639923393726349,0.21641424298286438,-0.03004394844174385,0.18524490296840668,0.10081702470779419,0.005155567545443773,0.49503713846206665,-0.09179074317216873,0.010378762148320675,0.053457941859960556,-0.0031747918110340834,-0.18925276398658752,-0.29480302333831787,0.13947272300720215,-0.019796084612607956,0.13520795106887817,-0.30055806040763855,-0.0001195735385408625,0.2632242739200592,-0.012916993349790573,0.18841947615146637,-0.03899915888905525,0.4090554714202881,0.20867976546287537,-0.0016938569024205208,0.037715986371040344,0.1743203103542328,-0.051749203354120255,0.2283293455839157,-0.11211296916007996,-0.005396937485784292,0.13766291737556458,0,0,0,0,0,0,0,1,0,0,0,0,0,0,0,0,0,0,0,0,0,0,0,0,0,0,0,0,0,0
also i needed to take this class if i was gonna take the regular astronomy.,"['One reason was to fulfill the requirements for my regular astronomy class? I guess I am here because I like astronomy. When I was in high school, I wanted to become an astronomer but I ended up coming to college for child development.Also I needed to take this class if I was gonna take the regular astronomy.']","['also', 'i', 'needed', 'to', 'take', 'this', 'class', 'if', 'i', 'was', 'gon', 'na', 'take', 'the', 'regular', 'astronomy', '.']",1,1,0,1,0,0,0,0.0,0.07692307692307693,0,0,3,2,5,2,0,1,1,-0.16225352883338928,0.15248095989227295,0.1837921440601349,0.08471789956092834,0.07799806445837021,-0.3335026800632477,0.24836063385009766,0.5178611278533936,-0.2048046588897705,-0.24638159573078156,0.14007924497127533,-0.39507248997688293,-0.044419389218091965,0.23735131323337555,0.017612839117646217,-0.03622908145189285,0.20736700296401978,-0.09682612121105194,-0.12229906767606735,-0.514771580696106,-0.005423234310001135,-0.024751443415880203,0.24301303923130035,-0.08762838691473007,-0.06366865336894989,-0.013463092036545277,-0.19996841251850128,0.061872031539678574,-0.19041213393211365,0.08175252377986908,0.19065046310424805,-0.03025684878230095,0.4123299717903137,-0.20520704984664917,0.03242512047290802,0.2771179974079132,0.14072921872138977,-0.009324515238404274,0.013048657216131687,-0.23053230345249176,0.1251019984483719,-0.036662694066762924,-0.03476042300462723,0.020441368222236633,0.12177146971225739,-0.001943254959769547,-0.1826346069574356,0.059269897639751434,0.038558345288038254,0.2903805375099182,0.06279893219470978,-0.17130209505558014,-0.08608439564704895,-0.07217845320701599,0.050700314342975616,0.21607635915279388,0.1181168407201767,0.050262898206710815,-0.05990460142493248,0.1512865275144577,-0.004031809978187084,-0.07707840949296951,0.05223552882671356,0.14317259192466736,-0.026158517226576805,0.3343088924884796,0.10589423030614853,0.2940855324268341,-0.27861693501472473,0.23235991597175598,0.01673181913793087,0.22696590423583984,0.20117229223251343,-0.024537721648812294,0.5820997357368469,-0.09389693289995193,0.0758301392197609,-0.02084827423095703,-0.024981308728456497,-0.20852544903755188,-0.3029245138168335,0.17385081946849823,-0.10275387018918991,0.17983737587928772,-0.33644527196884155,-0.004049207083880901,0.20815682411193848,-0.03283848986029625,0.1792338788509369,-0.035937536507844925,0.48414474725723267,0.2003631889820099,-0.04704665392637253,0.08003126829862595,0.2865926921367645,-0.007360462564975023,0.23795974254608154,-0.05918349698185921,0.008200304582715034,0.09892936050891876,0,1,0,1,0,0,0,0,0,0,0,0,0,0,0,0,0,0,0,0,0,0,0,0,0,0,0,0,0,0
since entering my fourth year of college i have greatly expanded my math boundaries but i am still nervous.,"[""I am here in this physics lab because it's a requirement for my major."", 'Physics 1 and Physics 2 are requirements to get into UCSFs physical therapy program so Im not going to let my fear of math stand in the way of my goals.']","['since', 'entering', 'my', 'fourth', 'year', 'of', 'college', 'i', 'have', 'greatly', 'expanded', 'my', 'math', 'boundaries', 'but', 'i', 'am', 'still', 'nervous', '.']",1,1,0,1,0,0,0,0.4,0.375,0,0,6,2,2,0,0,2,2,-0.08931315690279007,0.1347287893295288,0.13984446227550507,0.10247862339019775,0.09054841846227646,-0.27876535058021545,0.1842479407787323,0.4364458918571472,-0.18509505689144135,-0.16139169037342072,0.14993011951446533,-0.30024898052215576,-0.024374710395932198,0.1564640998840332,-0.029243266209959984,0.027467962354421616,0.16530178487300873,-0.09890058636665344,-0.12105032056570053,-0.4445568025112152,0.00342620350420475,-0.055024154484272,0.19574300944805145,-0.050990860909223557,-0.13472694158554077,0.015134591609239578,-0.11263559758663177,0.00029813870787620544,-0.170770063996315,0.014626436866819859,0.21323397755622864,0.030395502224564552,0.2790185511112213,-0.14963285624980927,0.03601641580462456,0.31885266304016113,0.09839484840631485,-0.06544727832078934,-0.03213416412472725,-0.22456957399845123,0.1382686197757721,-0.10021674633026123,-0.019394144415855408,-0.017659641802310944,0.1514231562614441,0.03261096030473709,-0.2065025418996811,0.03037107363343239,0.040097642689943314,0.18505306541919708,0.054397739470005035,-0.11515184491872787,-0.07741942256689072,-0.055491190403699875,-0.026162318885326385,0.19568786025047302,0.05665627121925354,0.013691145926713943,-0.1069585308432579,0.053136441856622696,0.001796182245016098,-0.05156286060810089,0.06565557420253754,0.11636343598365784,-0.13347575068473816,0.30177584290504456,0.15916788578033447,0.18913711607456207,-0.23636160790920258,0.15869978070259094,-0.018020419403910637,0.16564840078353882,0.10862729698419571,0.02061743289232254,0.4571203291416168,-0.041799817234277725,0.008932431228458881,0.053513020277023315,-0.03048604726791382,-0.10372385382652283,-0.24648937582969666,0.11656107753515244,-0.056966423988342285,0.18345054984092712,-0.2780207693576813,0.05061611905694008,0.23454362154006958,0.05608348548412323,0.18485711514949799,-0.04258624091744423,0.36397626996040344,0.20689301192760468,-0.01408747024834156,0.06306089460849762,0.2003079652786255,-0.035775624215602875,0.21679991483688354,-0.11754822731018066,-0.014734082855284214,0.10029516369104385,0,0,0,0,0,0,0,0,0,0,0,0,0,0,0,0,0,0,0,0,0,0,0,0,0,0,0,0,0,1
im currently a second year(sophomore) and this is my first year living on campus so just knowing the location of where i live is amazing too and im so excited to get the experience.,"['The reason Im here in this class is to help get me closer to getting my bachelors degree in computer science and hopefully work that up to a masters at least. This class is one of the first classes towards the major you have to take(as long as its required to take when taking phys220).', 'Im currently a second year(sophomore) and this is my first year living on campus so just knowing the location of where I live is amazing too and Im so excited to get the experience.']","['im', 'currently', 'a', 'second', 'year', '(', 'sophomore', ')', 'and', 'this', 'is', 'my', 'first', 'year', 'living', 'on', 'campus', 'so', 'just', 'knowing', 'the', 'location', 'of', 'where', 'i', 'live', 'is', 'amazing', 'too', 'and', 'im', 'so', 'excited', 'to', 'get', 'the', 'experience', '.']",0,0,0,0,0,0,0,0.2722727272727273,0.4966666666666667,0,0,7,6,4,4,0,4,2,-0.1195446029305458,0.1401553601026535,0.13055554032325745,0.07603342086076736,0.10918554663658142,-0.3440943956375122,0.19280660152435303,0.4606623947620392,-0.1981235146522522,-0.19877637922763824,0.147675022482872,-0.32781076431274414,-0.0239544864743948,0.20209413766860962,0.027836104854941368,-0.0002203522017225623,0.1789766401052475,-0.14742453396320343,-0.10065905004739761,-0.47344300150871277,-0.028162814676761627,-0.05898979678750038,0.2274767905473709,-0.09306612610816956,-0.10299336910247803,0.05751056596636772,-0.16636903584003448,-0.0011681771138682961,-0.1898442506790161,0.07010296732187271,0.29739928245544434,0.016066456213593483,0.313861608505249,-0.1948174089193344,0.048654161393642426,0.31521379947662354,0.09730377793312073,-0.035105518996715546,-0.0726974755525589,-0.25632721185684204,0.11946296691894531,-0.08284241706132889,-0.0352284200489521,-0.020941393449902534,0.13673515617847443,-0.017372246831655502,-0.20909835398197174,0.052646081894636154,0.06201658770442009,0.18438434600830078,0.04792892560362816,-0.08429230004549026,-0.10590879619121552,-0.09486014395952225,-0.02847769483923912,0.19103458523750305,0.05735737085342407,0.051902886480093,-0.09231182932853699,0.09182003885507584,-0.009989135898649693,-0.0907580554485321,0.11128315329551697,0.12715207040309906,-0.12723755836486816,0.3180566728115082,0.202116459608078,0.17379319667816162,-0.260932981967926,0.22699826955795288,0.015610252507030964,0.18816342949867249,0.13519036769866943,0.03865949064493179,0.4755192995071411,-0.09461352974176407,0.024766597896814346,0.026504725217819214,-0.038275476545095444,-0.14039677381515503,-0.2684209644794464,0.11647022515535355,-0.07759188860654831,0.12368161231279373,-0.2684183120727539,-0.03402477502822876,0.23179936408996582,0.07464960962533951,0.20335188508033752,-0.04474828019738197,0.4197703003883362,0.21404772996902466,-0.017385732382535934,0.051664456725120544,0.19489087164402008,-0.026729566976428032,0.28561508655548096,-0.10945817083120346,0.0053557432256639,0.09627833217382431,0,0,0,0,0,0,1,0,0,0,0,2,0,0,0,0,0,0,0,0,0,0,0,0,0,1,0,0,0,2
"i have taken sci classes before for bio 230 and 240 and they really helped me, especially when preparing for exams.","['I am here because I want to succeed in Chem 215. I have taken Sci classes before for Bio 230 and 240 and they really helped me, especially when preparing for exams. I try to take a sci class every semester because I have trouble focusing and understanding the professor since it is more fast paced and the class is big so its hard to have that one on one.']","['i', 'have', 'taken', 'sci', 'classes', 'before', 'for', 'bio', '230', 'and', '240', 'and', 'they', 'really', 'helped', 'me', ',', 'especially', 'when', 'preparing', 'for', 'exams', '.']",0,0,0,0,0,0,0,0.1,0.6,0,0,4,2,3,0,2,1,3,-0.09500972926616669,0.15301018953323364,0.12697598338127136,0.065545454621315,0.11593715101480484,-0.3185123801231384,0.21781517565250397,0.5363067984580994,-0.1921474188566208,-0.24370892345905304,0.1159394159913063,-0.3545630872249603,-0.004325537942349911,0.18015725910663605,0.006642748136073351,-0.07723937183618546,0.18312086164951324,-0.1117754802107811,-0.08226019144058228,-0.47782212495803833,-0.021062808111310005,-0.11204838752746582,0.14764410257339478,-0.018077323213219643,-0.10426944494247437,-0.008220980875194073,-0.21672531962394714,0.12979990243911743,-0.15091755986213684,0.03324008733034134,0.19416461884975433,0.011602651327848434,0.3088962137699127,-0.17209555208683014,-0.0058786035515367985,0.2822866439819336,0.14382287859916687,-0.048149723559617996,-0.07001295685768127,-0.20494449138641357,0.13039575517177582,-0.13516557216644287,-0.027809256687760353,0.017777368426322937,0.16103848814964294,0.049432601779699326,-0.17509900033473969,0.0013634057249873877,0.04447012394666672,0.25773561000823975,0.0761902928352356,-0.17545519769191742,-0.09110184758901596,-0.06755497306585312,-0.057280831038951874,0.17180636525154114,0.07011367380619049,0.04589136689901352,-0.10228933393955231,0.09292368590831757,0.012824359349906445,-0.08033327013254166,0.07320501655340195,0.16615988314151764,-0.1346108466386795,0.3362777829170227,0.13329535722732544,0.26155322790145874,-0.250005304813385,0.18502168357372284,0.030451860278844833,0.2112000584602356,0.1885548084974289,-0.02465086616575718,0.47538983821868896,-0.08339357376098633,0.015375345945358276,0.05584834888577461,-0.03382989391684532,-0.14079265296459198,-0.28963667154312134,0.10785013437271118,-0.11658080667257309,0.1494746059179306,-0.26838165521621704,0.04919065907597542,0.27482688426971436,0.09065745025873184,0.20652182400226593,-0.1053944081068039,0.45084547996520996,0.17308743298053741,-0.0532241053879261,0.06858643144369125,0.2857014834880829,-0.036879200488328934,0.30628424882888794,-0.07686537504196167,-0.032636065036058426,0.06381665915250778,0,0,0,0,1,0,0,0,0,0,0,0,0,0,0,0,0,0,0,0,0,1,0,1,0,0,0,0,0,0
"the medical field has always interested me, once i got involved with sports and the gym i was more interested in a career that could overlay on those aspects that i enjoy.","['I am here at San Francisco State University because I am pursuing a bachelors in kinesiology because I am looking forward to attending a physical therapy program. The medical field has always interested me, once I got involved with sports and the gym I was more interested in a career that could overlay on those aspects that I enjoy. I became more interested when I took anatomy and decided that I would like to become a physical therapist for children and working for a childrens hospital someday.']","['the', 'medical', 'field', 'has', 'always', 'interested', 'me', ',', 'once', 'i', 'got', 'involved', 'with', 'sports', 'and', 'the', 'gym', 'i', 'was', 'more', 'interested', 'in', 'a', 'career', 'that', 'could', 'overlay', 'on', 'those', 'aspects', 'that', 'i', 'enjoy', '.']",0,0,0,0,0,0,1,0.27999999999999997,0.4,0,0,6,3,5,4,1,3,3,-0.12551413476467133,0.1428571343421936,0.07996703684329987,0.06315065175294876,0.10098239034414291,-0.3364388644695282,0.16880765557289124,0.47685837745666504,-0.21048274636268616,-0.19362960755825043,0.11175113916397095,-0.3299664855003357,-0.0023949099704623222,0.18515115976333618,0.012120412662625313,-0.04290179908275604,0.14201973378658295,-0.14848746359348297,-0.09958238899707794,-0.4564858675003052,-0.02595033124089241,-0.09554106742143631,0.1853809803724289,-0.053629014641046524,-0.07087332010269165,0.02473209612071514,-0.16479596495628357,0.04341265186667442,-0.17300838232040405,0.040330927819013596,0.2807323932647705,0.042554762214422226,0.2764642834663391,-0.17185553908348083,0.026700492948293686,0.3163933753967285,0.12939703464508057,-0.031431157141923904,-0.0832001343369484,-0.24369318783283234,0.10460560768842697,-0.1027492955327034,-0.05574697256088257,-0.0416950099170208,0.14216285943984985,0.02584300935268402,-0.17221486568450928,0.06654524058103561,0.0737062320113182,0.19445666670799255,0.05477583780884743,-0.09533320367336273,-0.052362967282533646,-0.04597087576985359,-0.01867721788585186,0.17694604396820068,0.07120838761329651,0.03260505199432373,-0.08944492042064667,0.07671258598566055,0.0322444848716259,-0.08072914183139801,0.09051810204982758,0.15107598900794983,-0.11690434068441391,0.3289688229560852,0.19827821850776672,0.18447433412075043,-0.2325652688741684,0.21836857497692108,0.033909376710653305,0.1858506202697754,0.1431559920310974,0.002342815976589918,0.425695538520813,-0.06795947998762131,0.011058444157242775,0.060627274215221405,-0.015452031046152115,-0.13810794055461884,-0.2514955699443817,0.10766155272722244,-0.08142054080963135,0.13412511348724365,-0.25853365659713745,-0.002099304925650358,0.26056283712387085,0.08772575855255127,0.22251276671886444,-0.04328324645757675,0.39613157510757446,0.21050553023815155,-0.017962822690606117,0.03627445921301842,0.2214290350675583,-0.05101250484585762,0.2607443928718567,-0.12637001276016235,-0.01099247857928276,0.08531255275011063,0,0,0,0,0,0,0,0,1,0,1,0,0,0,0,0,0,0,0,0,0,0,0,0,0,0,0,0,0,0
to take a mandatory course the university told me to in order to obtain a degree for my major.,['To take a mandatory course the university told me to in order to obtain a degree for my major.'],"['to', 'take', 'a', 'mandatory', 'course', 'the', 'university', 'told', 'me', 'to', 'in', 'order', 'to', 'obtain', 'a', 'degree', 'for', 'my', 'major', '.']",0,0,0,0,0,0,0,0.0625,0.5,0,0,4,0,3,3,1,2,2,-0.09518849849700928,0.22620411217212677,0.16631145775318146,0.04828020930290222,0.22109483182430267,-0.46191492676734924,0.2481963187456131,0.5709884166717529,-0.21020448207855225,-0.27932900190353394,0.22463424503803253,-0.33005860447883606,-0.04599819332361221,0.22158515453338623,0.05634567514061928,0.05819113552570343,0.27283975481987,-0.0008711893460713327,-0.09393669664859772,-0.5104572176933289,-0.00047730497317388654,-0.06716162711381912,0.3251882791519165,-0.009183906018733978,-0.1344936490058899,0.1262204796075821,-0.14975827932357788,0.10889668017625809,-0.20352256298065186,0.10469236969947815,0.2622344493865967,0.002661488950252533,0.348445326089859,-0.30407002568244934,0.0798647403717041,0.29138001799583435,0.11107449978590012,-0.01167347002774477,-0.04206666350364685,-0.20965366065502167,0.1803644746541977,-0.040237508714199066,-0.10237441211938858,0.09793524444103241,0.12864409387111664,0.008922752924263477,-0.1718224585056305,0.030319923534989357,0.11396912485361099,0.20750115811824799,0.0865887925028801,-0.1436055302619934,-0.10593006759881973,-0.1353040188550949,-0.05555039271712303,0.13338249921798706,0.01260000467300415,0.05655694007873535,-0.07359673827886581,0.08293571323156357,-0.07763423770666122,-0.1641373634338379,0.15678027272224426,0.1898263841867447,-0.1187283843755722,0.43920260667800903,0.28914904594421387,0.20035040378570557,-0.3079569339752197,0.25008055567741394,-0.09651429206132889,0.19814658164978027,0.14183229207992554,0.009826603345572948,0.5302979350090027,-0.0807100161910057,0.01445416547358036,0.053924303501844406,-0.0068962462246418,-0.18965883553028107,-0.3191264867782593,0.11869089305400848,-0.0643538311123848,0.04967790096998215,-0.3030218183994293,-0.012695199809968472,0.312507301568985,-0.1295788288116455,0.17080959677696228,-0.12291840463876724,0.46425729990005493,0.17490071058273315,0.04786061495542526,0.05985688418149948,0.2032758593559265,-0.10429918766021729,0.3607003092765808,-0.07379398494958878,-0.031125659123063087,0.1582881212234497,0,0,0,0,0,1,0,1,0,0,0,0,0,0,0,1,0,0,1,0,0,0,0,0,0,0,0,0,0,0
i feel like i will pass this lab with ease since i was able to pass the previous lab without a problem!,"['My first step to getting there is obtaining my undergraduate degree, which requires for me to past this Physics 122 course. Im currently in my fourth year which wont be my last since I will need another year to pass my majors required classes.']","['i', 'feel', 'like', 'i', 'will', 'pass', 'this', 'lab', 'with', 'ease', 'since', 'i', 'was', 'able', 'to', 'pass', 'the', 'previous', 'lab', 'without', 'a', 'problem', '!']",0,0,0,0,0,0,0,0.14583333333333334,0.3958333333333333,0,0,6,0,3,3,0,3,4,-0.15333043038845062,0.1488868147134781,0.09900818020105362,0.06256257742643356,0.09186999499797821,-0.3363414406776428,0.23447804152965546,0.5215703845024109,-0.21175366640090942,-0.27756163477897644,0.09524142742156982,-0.3956958055496216,-0.0031212682370096445,0.2407696396112442,0.022512950003147125,-0.08803427219390869,0.1674792766571045,-0.13080476224422455,-0.07975178211927414,-0.49147140979766846,-0.024208439514040947,-0.0722818449139595,0.2064153552055359,-0.057862330228090286,-0.0405883826315403,-0.007867035456001759,-0.21772269904613495,0.11497485637664795,-0.17754337191581726,0.08539784699678421,0.24809537827968597,-0.016584046185016632,0.3578537404537201,-0.17695055902004242,0.01203781645745039,0.2449834942817688,0.1536964327096939,0.012022879905998707,-0.018243832513689995,-0.2111491560935974,0.11931801587343216,-0.057968344539403915,-0.051338423043489456,-0.008535937406122684,0.11644914001226425,-0.007722194772213697,-0.15543657541275024,0.04011320695281029,0.05807323381304741,0.26633521914482117,0.04599803686141968,-0.16886021196842194,-0.06202514469623566,-0.07507342845201492,0.03417792171239853,0.18006253242492676,0.11301595717668533,0.05846486985683441,-0.07989002764225006,0.15013189613819122,0.01075554545968771,-0.09809660911560059,0.07863659411668777,0.1629895120859146,-0.08470800518989563,0.3512738049030304,0.15607762336730957,0.28346431255340576,-0.28373634815216064,0.23676171898841858,0.0469694510102272,0.2408192753791809,0.23933206498622894,-0.04759920760989189,0.5164818167686462,-0.09718652069568634,0.05186446011066437,0.01528090238571167,-0.03210859373211861,-0.20412392914295197,-0.30799224972724915,0.15409326553344727,-0.12117242813110352,0.13267086446285248,-0.2925848066806793,-0.04770226776599884,0.24163633584976196,0.03883722051978111,0.21101383864879608,-0.056481193751096725,0.4661921262741089,0.1971084177494049,-0.040061935782432556,0.047081246972084045,0.2984834909439087,-0.020025359466671944,0.30863916873931885,-0.06243790686130524,0.008363304659724236,0.09080558270215988,1,0,0,0,0,0,0,0,0,0,0,0,0,2,1,0,0,0,0,0,1,0,0,0,0,0,0,0,0,0
"perhaps another reason is, it's important to know physics, so that we'd understand how things theoretically work.",['I am taking this physics lab technically to meet the requirements for my major.'],"['perhaps', 'another', 'reason', 'is', ',', 'it', ""'s"", 'important', 'to', 'know', 'physics', ',', 'so', 'that', 'we', ""'d"", 'understand', 'how', 'things', 'theoretically', 'work', '.']",1,1,0,1,0,0,0,0.2,0.55,0,0,3,2,2,1,2,1,2,-0.18841850757598877,0.20181573927402496,0.09934555739164352,0.05523322895169258,0.1067492738366127,-0.3588409721851349,0.23236778378486633,0.47970128059387207,-0.23310649394989014,-0.23426339030265808,0.08431976288557053,-0.40347981452941895,0.009658806025981903,0.203176811337471,0.11221102625131607,-0.1625412553548813,0.12075059860944748,-0.22828660905361176,-0.11765269935131073,-0.5590774416923523,-0.10971572995185852,-0.11254166811704636,0.143083393573761,-0.1950920969247818,-0.018136734142899513,-0.009074665606021881,-0.34409117698669434,0.0551544725894928,-0.09752567112445831,0.05216175690293312,0.2640114426612854,0.0016801541205495596,0.2982521057128906,-0.15952210128307343,0.0035038748756051064,0.31433579325675964,0.15996888279914856,0.05754835531115532,-0.07561517506837845,-0.28270307183265686,0.04232341796159744,-0.12047363817691803,-0.011134975589811802,0.01527587603777647,0.12400615960359573,0.07695314288139343,-0.14546747505664825,0.0644160658121109,0.016978861764073372,0.24090610444545746,0.04765739664435387,-0.0840831995010376,-0.0194381270557642,-0.04134953394532204,-0.049136362969875336,0.13791559636592865,0.05737695097923279,0.0031911442056298256,-0.08638065308332443,0.16902373731136322,0.12989898025989532,-0.0638715922832489,0.07328939437866211,0.1069582924246788,-0.01925051212310791,0.2333601415157318,0.09734807908535004,0.23536567389965057,-0.28507912158966064,0.25463172793388367,0.11325868219137192,0.23497729003429413,0.22685810923576355,0.01880780979990959,0.4519819915294647,-0.17429125308990479,0.03216738998889923,0.0094485217705369,0.010687803849577904,-0.2484225630760193,-0.2518377900123596,0.12904410064220428,-0.2251349240541458,0.11275343596935272,-0.22770611941814423,-0.11584284156560898,0.24610836803913116,0.17165495455265045,0.19290101528167725,-0.04808860272169113,0.46167659759521484,0.17195765674114227,-0.11667388677597046,0.013217062689363956,0.3433558940887451,0.020802998915314674,0.24694953858852386,-0.09898889809846878,-0.009366488084197044,-0.0193193219602108,0,0,0,0,0,0,0,0,0,0,0,0,1,0,0,0,0,0,0,1,0,0,1,0,0,0,0,0,1,0
well the first reason i am here is because this class is a requirement for my major.,"['Well the first reason I am here is because this class is a requirement for my major.', 'I really want to be a video gamer programmer and I know that physics is really important in that industry because of animation etc. I feel like learning physics is going to further help me in my future endeavors.']","['well', 'the', 'first', 'reason', 'i', 'am', 'here', 'is', 'because', 'this', 'class', 'is', 'a', 'requirement', 'for', 'my', 'major', '.']",0,0,0,0,0,0,0,0.15625,0.41666666666666663,0,0,4,2,0,3,0,2,2,-0.13208860158920288,0.2119682878255844,0.18830440938472748,0.0713239535689354,0.1270822435617447,-0.38461369276046753,0.3129325211048126,0.426389217376709,-0.232453390955925,-0.18377475440502167,0.2864826023578644,-0.3826065957546234,-0.03251810744404793,0.1576380729675293,0.06539896130561829,0.05093774199485779,0.2708614766597748,-0.013909596018493176,-0.09782350808382034,-0.5783154964447021,-0.06612858921289444,-0.00845311675220728,0.37144970893859863,-0.14936257898807526,-0.07028479129076004,0.08994273841381073,-0.22400248050689697,0.011327843181788921,-0.22485072910785675,0.08808127045631409,0.2832397222518921,-0.05303194373846054,0.5347430109977722,-0.31121349334716797,0.10665985196828842,0.3788824677467346,0.11250970512628555,0.0185296181589365,0.0003708602162078023,-0.335026353597641,0.18774574995040894,-0.11958074569702148,-0.04431077465415001,0.04915808141231537,0.13713668286800385,-0.018100246787071228,-0.2391332983970642,0.10278527438640594,0.09064921736717224,0.22420471906661987,0.1350969523191452,-0.13676725327968597,-0.051263727247714996,-0.11311659216880798,-0.04933621734380722,0.16095927357673645,0.0560748465359211,0.008395138196647167,-0.06352438777685165,0.0784577876329422,-0.018205169588327408,-0.16682995855808258,0.1353423148393631,0.22893935441970825,-0.0021136656869202852,0.43382248282432556,0.11834201961755753,0.30705851316452026,-0.3477979898452759,0.12325084954500198,-0.03088327683508396,0.2635003626346588,0.10018131136894226,0.05238053947687149,0.6442991495132446,-0.07882656157016754,0.08150004595518112,-0.013551597483456135,0.022181306034326553,-0.23129282891750336,-0.3530539870262146,0.18335063755512238,-0.05137333646416664,0.14550310373306274,-0.40529879927635193,0.020671168342232704,0.3578224182128906,-0.10383494198322296,0.15115036070346832,-0.10832472890615463,0.5385742783546448,0.24117253720760345,-0.05604282394051552,0.06540977209806442,0.2917386293411255,-0.06471092998981476,0.3927861750125885,-0.043201301246881485,-0.0191668551415205,0.06736740469932556,0,0,0,1,0,0,0,0,0,0,0,0,0,0,0,1,0,0,0,0,0,0,1,0,0,0,0,0,0,0
inall honesty if i had the choice to be taking physics 2 i really wouldnt.,['Originally I didnot think that I would survive physics and I didnt for lecture but now here I am in Physics 2. Im taking this class currently to fulfill my prerequisites and my major requirements.'],"['inall', 'honesty', 'if', 'i', 'had', 'the', 'choice', 'to', 'be', 'taking', 'physics', '2', 'i', 'really', 'wouldnt', '.']",1,1,0,1,0,0,0,0.2,0.2,0,0,6,1,3,1,0,0,1,-0.1793845295906067,0.15847693383693695,0.16205406188964844,0.11788809299468994,0.04536175727844238,-0.31883522868156433,0.20180514454841614,0.5027376413345337,-0.19417236745357513,-0.2466500699520111,0.1379530131816864,-0.396327942609787,-0.03287423029541969,0.2294163852930069,0.01912091113626957,-0.03564088046550751,0.18319296836853027,-0.1438893973827362,-0.16473034024238586,-0.5356574654579163,-0.012446747161448002,-0.031861983239650726,0.22472216188907623,-0.07246021926403046,-0.07911252975463867,-0.014021658338606358,-0.20760153234004974,0.04262639582157135,-0.1790539175271988,0.05290969833731651,0.19791629910469055,-0.01835211180150509,0.36754316091537476,-0.18641220033168793,0.03561796993017197,0.3206820785999298,0.1847074180841446,-0.020069552585482597,-0.020402269437909126,-0.21902436017990112,0.08862053602933884,-0.05134252458810806,-0.041170019656419754,-2.7199204851058312e-05,0.1246158704161644,0.036243781447410583,-0.1800084412097931,0.07123773545026779,0.05609136074781418,0.2715887725353241,0.04935499280691147,-0.16379547119140625,-0.06832558661699295,-0.03309614211320877,0.04695457965135574,0.25206616520881653,0.13522927463054657,0.047910891473293304,-0.09034664183855057,0.1533227115869522,0.03321988880634308,-0.04724643751978874,0.04243437945842743,0.1414659023284912,-0.041192930191755295,0.33414968848228455,0.12600837647914886,0.27668654918670654,-0.2736886739730835,0.2523943781852722,0.03876521810889244,0.23208437860012054,0.20465414226055145,-0.042238153517246246,0.5528272390365601,-0.10046806931495667,0.0674949437379837,0.01858612895011902,-0.0002503157302271575,-0.22034047544002533,-0.3181174397468567,0.14864040911197662,-0.10411792248487473,0.18297281861305237,-0.3498014807701111,0.0040588038973510265,0.21980905532836914,0.019018318504095078,0.21944522857666016,-0.0285328421741724,0.47203555703163147,0.22719845175743103,-0.05039941519498825,0.0821329802274704,0.2570531666278839,-0.02197338081896305,0.1864430010318756,-0.06800489872694016,-0.021192805841565132,0.11370404064655304,0,0,0,0,0,0,0,0,0,0,0,0,0,0,0,0,0,0,0,1,0,1,0,0,0,0,1,0,0,0
"whether it would be biology or chemistry, i knew that i would need extra support when it comes to science.","['This is my first time taking a tutoring class and I knew I made the right choice deciding to take this science class I will need the help with chemistry either I took this or not. I knew that I was pretty bad with science as a subject since I was little. Whether it would be biology or chemistry, I knew that I would need extra support when it comes to science.']","['whether', 'it', 'would', 'be', 'biology', 'or', 'chemistry', ',', 'i', 'knew', 'that', 'i', 'would', 'need', 'extra', 'support', 'when', 'it', 'comes', 'to', 'science', '.']",3,3,0,3,0,0,0,0.0,0.1,0,0,4,0,5,0,2,1,2,-0.1279079020023346,0.19420291483402252,0.12925924360752106,0.11227893829345703,0.13225489854812622,-0.39375120401382446,0.25193649530410767,0.5492393374443054,-0.2134980410337448,-0.24270367622375488,0.16941393911838531,-0.4027487337589264,-0.019005432724952698,0.19555163383483887,0.08200286328792572,-0.052124857902526855,0.20797351002693176,-0.12030930817127228,-0.10966364294290543,-0.5370281338691711,0.001605685451067984,-0.06894372403621674,0.20524604618549347,-0.04607626050710678,-0.1121378168463707,0.007713901344686747,-0.236199289560318,0.08226960897445679,-0.1568191647529602,0.07712260633707047,0.25013431906700134,-0.030732715502381325,0.35434556007385254,-0.19863995909690857,0.023678958415985107,0.25133365392684937,0.2032593935728073,0.010420391336083412,-0.049026891589164734,-0.22762732207775116,0.05715923756361008,-0.013841664418578148,-0.04246801510453224,0.0660112276673317,0.10373413562774658,0.049188099801540375,-0.12612250447273254,0.03299413248896599,0.06791172921657562,0.2520451545715332,0.023522209376096725,-0.10426867008209229,-0.0270741768181324,-0.0794277936220169,0.012701538391411304,0.16348102688789368,0.10056372731924057,0.08324228227138519,-0.08623431622982025,0.1659664511680603,-0.01438063383102417,-0.053612250834703445,0.0729648619890213,0.141277477145195,-0.08169068396091461,0.3645828366279602,0.16657233238220215,0.24050307273864746,-0.30986398458480835,0.25549647212028503,-0.021857621148228645,0.21187326312065125,0.19857265055179596,-0.07735885679721832,0.5352131128311157,-0.12512215971946716,0.03179369866847992,0.08524641394615173,-0.019216088578104973,-0.28032422065734863,-0.3065391182899475,0.15331551432609558,-0.13188204169273376,0.1380903422832489,-0.31255480647087097,-0.022725382819771767,0.2462879866361618,0.001132307923398912,0.2304222136735916,-0.07102996855974197,0.46529117226600647,0.16316674649715424,-0.039681728929281235,0.0702100321650505,0.26320701837539673,-0.05292671173810959,0.2535512149333954,-0.05259524658322334,-0.00484861945733428,0.07394503802061081,0,0,1,0,0,0,0,0,0,1,0,0,0,0,0,0,0,1,0,0,0,0,0,0,1,0,0,0,0,0
